{"Totale": {"LinearFuzzifier": -0.310562614375031, "ExponentialFuzzifier": -0.307171284301532, "CrispFuzzifier": -0.547744890768146, " QuantileConstantPiecewiseFuzzifier": -0.5285192036645521, "QuantileLinearPiecewiseFuzzifier": -0.5294536778370781},
 "Totali": {"LinearFuzzifier": -0.31643257257421104, "ExponentialFuzzifier": -0.31086975008571605, "CrispFuzzifier": -0.540169133192388, " QuantileConstantPiecewiseFuzzifier": -0.486257928118393, "QuantileLinearPiecewiseFuzzifier": -0.48398719905799703}, 
 "Totale_0": {"LinearFuzzifier": -0.274247077102151, "ExponentialFuzzifier": -0.265832641633083, "CrispFuzzifier": -0.398872445384073, " QuantileConstantPiecewiseFuzzifier": -0.312654157857646, "QuantileLinearPiecewiseFuzzifier": -0.324726234519908}, 
 "Totali_0": {"LinearFuzzifier": -0.259829548052226, "ExponentialFuzzifier": -0.256225176197375, "CrispFuzzifier": -0.32963354474982304, " QuantileConstantPiecewiseFuzzifier": -0.288462385482734, "QuantileLinearPiecewiseFuzzifier": -0.29635505387349503}, 
 "lesioniPCA5": {"LinearFuzzifier": -0.300898511745937, "ExponentialFuzzifier": -0.30179011053241, "CrispFuzzifier": -0.422480620155038, " QuantileConstantPiecewiseFuzzifier": -0.34525854474982304, "QuantileLinearPiecewiseFuzzifier": -0.342470461290007}, "lesioniPCA10": {"LinearFuzzifier": -0.298574502114693, "ExponentialFuzzifier": -0.300147308662134, "CrispFuzzifier": -0.44503171247357204, " QuantileConstantPiecewiseFuzzifier": -0.34988328047921, "QuantileLinearPiecewiseFuzzifier": -0.34789038081276}, "lesioniPCA15": {"LinearFuzzifier": -0.28507629821575203, "ExponentialFuzzifier": -0.28599050541772403, "CrispFuzzifier": -0.421952078928823, " QuantileConstantPiecewiseFuzzifier": -0.316992600422833, "QuantileLinearPiecewiseFuzzifier": -0.310264318082482}, "lesioniPCA20": {"LinearFuzzifier": -0.28635173605616204, "ExponentialFuzzifier": -0.285614472554586, "CrispFuzzifier": -0.429351656095842, " QuantileConstantPiecewiseFuzzifier": -0.35369318181818105, "QuantileLinearPiecewiseFuzzifier": -0.35705652636572105}, "lesioniPCA5_0": {"LinearFuzzifier": -0.252840780505076, "ExponentialFuzzifier": -0.25533239137758, "CrispFuzzifier": -0.306906272022551, " QuantileConstantPiecewiseFuzzifier": -0.302710976039464, "QuantileLinearPiecewiseFuzzifier": -0.297054358625645}, 
 "lesioniPCA10_0": {"LinearFuzzifier": -0.261448913505234, "ExponentialFuzzifier": -0.254323886472048, "CrispFuzzifier": -0.532769556025369, " QuantileConstantPiecewiseFuzzifier": -0.35341789992952705, "QuantileLinearPiecewiseFuzzifier": -0.35341789992952705}, "lesioniPCA15_0": {"LinearFuzzifier": -0.24502476981972401, "ExponentialFuzzifier": -0.24832783235462202, "CrispFuzzifier": -0.540521494009866, " QuantileConstantPiecewiseFuzzifier": -0.36892177589852004, "QuantileLinearPiecewiseFuzzifier": -0.36892177589852004}, 
 "lesioniPCA20_0": {"LinearFuzzifier": -0.24156779126491001, "ExponentialFuzzifier": -0.247453884542938, "CrispFuzzifier": -0.540521494009866, " QuantileConstantPiecewiseFuzzifier": -0.360993657505285, "QuantileLinearPiecewiseFuzzifier": -0.360993657505285}, 
 "PesoAltezzaLesioni20_0": {"LinearFuzzifier": -0.24300443006506578, "ExponentialFuzzifier": -0.25062391613804963, "CrispFuzzifier": -0.540521494009866, " QuantileConstantPiecewiseFuzzifier": -0.36116983791402396, "QuantileLinearPiecewiseFuzzifier": -0.36116983791402396}}
