{"Totali":{" QuantileConstantPiecewiseFuzzifier":-0.4219520789,"CrispFuzzifier":-0.4223044397,"ExponentialFuzzifier":-0.2933829045,"LinearFuzzifier":-0.2953086107,"QuantileLinearPiecewiseFuzzifier":-0.4169097556},"TotaliPCA5":{" QuantileConstantPiecewiseFuzzifier":-0.3840732911,"CrispFuzzifier":-0.4071529246,"ExponentialFuzzifier":-0.290399669,"LinearFuzzifier":-0.2931423619,"QuantileLinearPiecewiseFuzzifier":-0.3840732911},"TotaliPCA10":{" QuantileConstantPiecewiseFuzzifier":-0.4063821353,"CrispFuzzifier":-0.4223044397,"ExponentialFuzzifier":-0.2933836875,"LinearFuzzifier":-0.2956771828,"QuantileLinearPiecewiseFuzzifier":-0.3953162344},"TotaliPCA15":{" QuantileConstantPiecewiseFuzzifier":-0.4083311311,"CrispFuzzifier":-0.4223044397,"ExponentialFuzzifier":-0.2933829045,"LinearFuzzifier":-0.2953086107,"QuantileLinearPiecewiseFuzzifier":-0.3991095426},"TotaliAnagrafica":{" QuantileConstantPiecewiseFuzzifier":-0.3751651691,"CrispFuzzifier":-0.3528893587,"ExponentialFuzzifier":-0.2888595545,"LinearFuzzifier":-0.2919630056,"QuantileLinearPiecewiseFuzzifier":-0.3917332723},"TotaliAnagrafica_0":{" QuantileConstantPiecewiseFuzzifier":-0.3773343904,"CrispFuzzifier":-0.540521494,"ExponentialFuzzifier":-0.2562019776,"LinearFuzzifier":-0.2560696612,"QuantileLinearPiecewiseFuzzifier":-0.3648895679},"Uniche_0":{" QuantileConstantPiecewiseFuzzifier":-0.3025678295,"CrispFuzzifier":-0.3377378436,"ExponentialFuzzifier":-0.2547886414,"LinearFuzzifier":-0.2511766197,"QuantileLinearPiecewiseFuzzifier":-0.3066882508},"UnichePCA10_0":{" QuantileConstantPiecewiseFuzzifier":-0.2843441684,"CrispFuzzifier":-0.330162086,"ExponentialFuzzifier":-0.2486157755,"LinearFuzzifier":-0.2472558793,"QuantileLinearPiecewiseFuzzifier":-0.2835997611},"UnichePCA30_0":{" QuantileConstantPiecewiseFuzzifier":-0.3128083157,"CrispFuzzifier":-0.3222339676,"ExponentialFuzzifier":-0.2539047777,"LinearFuzzifier":-0.2494870658,"QuantileLinearPiecewiseFuzzifier":-0.2978591678},"UnichePCA50_0":{" QuantileConstantPiecewiseFuzzifier":-0.3177083333,"CrispFuzzifier":-0.3377378436,"ExponentialFuzzifier":-0.2547886415,"LinearFuzzifier":-0.2511766198,"QuantileLinearPiecewiseFuzzifier":-0.2994654114},"UnicheAnagrafica_0":{" QuantileConstantPiecewiseFuzzifier":-0.3096480796,"CrispFuzzifier":-0.3764975335,"ExponentialFuzzifier":-0.2474449988,"LinearFuzzifier":-0.2442335018,"QuantileLinearPiecewiseFuzzifier":-0.3231164677},"Dx_0":{" QuantileConstantPiecewiseFuzzifier":-0.2985817477,"CrispFuzzifier":-0.3927061311,"ExponentialFuzzifier":-0.3142047702,"LinearFuzzifier":-0.2786655611,"QuantileLinearPiecewiseFuzzifier":-0.3060013337},"DxPCA5_0":{" QuantileConstantPiecewiseFuzzifier":-0.3637464764,"CrispFuzzifier":-0.4080338266,"ExponentialFuzzifier":-0.3154577561,"LinearFuzzifier":-0.278326081,"QuantileLinearPiecewiseFuzzifier":-0.3425276465},"DxPCA15_0":{" QuantileConstantPiecewiseFuzzifier":-0.3658055849,"CrispFuzzifier":-0.4318181818,"ExponentialFuzzifier":-0.2954178181,"LinearFuzzifier":-0.3013573722,"QuantileLinearPiecewiseFuzzifier":-0.3679416951},"DxPCA25_0":{" QuantileConstantPiecewiseFuzzifier":-0.3725665081,"CrispFuzzifier":-0.3927061311,"ExponentialFuzzifier":-0.3142867622,"LinearFuzzifier":-0.2788694387,"QuantileLinearPiecewiseFuzzifier":-0.3638566605},"DxAnagrafica_0":{" QuantileConstantPiecewiseFuzzifier":-0.2922502643,"CrispFuzzifier":-0.3770260747,"ExponentialFuzzifier":-0.3012637159,"LinearFuzzifier":-0.2720214018,"QuantileLinearPiecewiseFuzzifier":-0.3178778199},"Sx_0":{" QuantileConstantPiecewiseFuzzifier":-0.3609165786,"CrispFuzzifier":-0.4309372798,"ExponentialFuzzifier":-0.291968012,"LinearFuzzifier":-0.2938847127,"QuantileLinearPiecewiseFuzzifier":-0.3434737463},"SxAnagrafica_0":{" QuantileConstantPiecewiseFuzzifier":-0.3175321529,"CrispFuzzifier":-0.4541930937,"ExponentialFuzzifier":-0.2922060715,"LinearFuzzifier":-0.2904470262,"QuantileLinearPiecewiseFuzzifier":-0.3298273602}}