{"LesioniAllNoCoste20_0":{" QuantileConstantPiecewiseFuzzifier":-0.4304087385,"CrispFuzzifier":-0.540521494,"ExponentialFuzzifier":-0.2887540137,"LinearFuzzifier":-0.2973310519,"QuantileLinearPiecewiseFuzzifier":-0.4304087385},"LesioniAllNoCoste40_0":{" QuantileConstantPiecewiseFuzzifier":-0.422832981,"CrispFuzzifier":-0.540521494,"ExponentialFuzzifier":-0.2755470009,"LinearFuzzifier":-0.2870884658,"QuantileLinearPiecewiseFuzzifier":-0.422832981},"LesioniAllNoCoste50_0":{" QuantileConstantPiecewiseFuzzifier":-0.422832981,"CrispFuzzifier":-0.540521494,"ExponentialFuzzifier":-0.2733682709,"LinearFuzzifier":-0.2847413573,"QuantileLinearPiecewiseFuzzifier":-0.422832981},"LesioniAllNoCoste66_0":{" QuantileConstantPiecewiseFuzzifier":-0.422832981,"CrispFuzzifier":-0.540521494,"ExponentialFuzzifier":-0.2727496896,"LinearFuzzifier":-0.283907659,"QuantileLinearPiecewiseFuzzifier":-0.422832981},"LesioniAll50_0":{" QuantileConstantPiecewiseFuzzifier":-0.2912702607,"CrispFuzzifier":-0.4786821705,"ExponentialFuzzifier":-0.5081140345,"LinearFuzzifier":-0.4850308849,"QuantileLinearPiecewiseFuzzifier":-0.2893686602},"LesioniAll100_0":{" QuantileConstantPiecewiseFuzzifier":-0.292239253,"CrispFuzzifier":-0.540521494,"ExponentialFuzzifier":-0.5404447132,"LinearFuzzifier":-0.5379409073,"QuantileLinearPiecewiseFuzzifier":-0.2919155594},"LesioniAll130_0":{" QuantileConstantPiecewiseFuzzifier":-0.292239253,"CrispFuzzifier":-0.540521494,"ExponentialFuzzifier":-0.5404533394,"LinearFuzzifier":-0.540521494,"QuantileLinearPiecewiseFuzzifier":-0.2921772828}}