{"LesioniAllNoCoste20":{" QuantileConstantPiecewiseFuzzifier":-0.6087033122,"CrispFuzzifier":-0.459478506,"ExponentialFuzzifier":-0.4521871985,"LinearFuzzifier":-0.5653607602,"QuantileLinearPiecewiseFuzzifier":-0.6087033122},"LesioniAllNoCoste40":{" QuantileConstantPiecewiseFuzzifier":-0.332760747,"CrispFuzzifier":-0.4519027484,"ExponentialFuzzifier":-0.4517449681,"LinearFuzzifier":-0.4486073634,"QuantileLinearPiecewiseFuzzifier":-0.3332433397},"LesioniAllNoCoste50":{" QuantileConstantPiecewiseFuzzifier":-0.6242071882,"CrispFuzzifier":-0.459478506,"ExponentialFuzzifier":-0.4504082813,"LinearFuzzifier":-0.5404455637,"QuantileLinearPiecewiseFuzzifier":-0.6242071882},"LesioniAllNoCoste66":{" QuantileConstantPiecewiseFuzzifier":-0.6242071882,"CrispFuzzifier":-0.459478506,"ExponentialFuzzifier":-0.4474862412,"LinearFuzzifier":-0.5377739765,"QuantileLinearPiecewiseFuzzifier":-0.6242071882},"LesioniAll50":{" QuantileConstantPiecewiseFuzzifier":-0.332760747,"CrispFuzzifier":-0.459478506,"ExponentialFuzzifier":-0.4589367447,"LinearFuzzifier":-0.459478506,"QuantileLinearPiecewiseFuzzifier":-0.3327627432},"LesioniAll100":{" QuantileConstantPiecewiseFuzzifier":-0.332760747,"CrispFuzzifier":-0.459478506,"ExponentialFuzzifier":-0.4592405025,"LinearFuzzifier":-0.459478506,"QuantileLinearPiecewiseFuzzifier":-0.3327608518},"LesioniAll130":{" QuantileConstantPiecewiseFuzzifier":-0.332760747,"CrispFuzzifier":-0.459478506,"ExponentialFuzzifier":0.459240507,"LinearFuzzifier":-0.459478506,"QuantileLinearPiecewiseFuzzifier":-0.332760858}}