{"df13_MSOrdine":{" QuantileConstantPiecewiseFuzzifier":-0.4195736434,"CrispFuzzifier":-0.4832628612,"ExponentialFuzzifier":-0.3017051273,"LinearFuzzifier":-0.3005168367,"QuantileLinearPiecewiseFuzzifier":-0.3992611609},
"df13_MSOrdine_0":{" QuantileConstantPiecewiseFuzzifier":-0.2825162967,"CrispFuzzifier":-0.3463706836,"ExponentialFuzzifier":-0.2602159794,"LinearFuzzifier":-0.2596010462,"QuantileLinearPiecewiseFuzzifier":-0.3368726658},
"df13lesioni_MSOrdine":{" QuantileConstantPiecewiseFuzzifier":-0.4068335976,"CrispFuzzifier":-0.5547921071,"ExponentialFuzzifier":-0.3017112834,"LinearFuzzifier":-0.3048476752,"QuantileLinearPiecewiseFuzzifier":-0.4082469385},
"df13lesioni_MSOrdine_0":{" QuantileConstantPiecewiseFuzzifier":-0.3112777484,"CrispFuzzifier":-0.3921775899,"ExponentialFuzzifier":-0.2703547702,"LinearFuzzifier":-0.2696554979,"QuantileLinearPiecewiseFuzzifier":-0.3173531744},
"df13lesioniPCA2":{" QuantileConstantPiecewiseFuzzifier":-0.6504800916,"CrispFuzzifier":-0.5558491896,"ExponentialFuzzifier":-0.313757616,"LinearFuzzifier":-0.3251247456,"QuantileLinearPiecewiseFuzzifier":-0.6460409674},
"df13lesioniPCA5":{" QuantileConstantPiecewiseFuzzifier":-0.5485266913,"CrispFuzzifier":-0.6164552502,"ExponentialFuzzifier":-0.3032954736,"LinearFuzzifier":-0.3077191234,"QuantileLinearPiecewiseFuzzifier":-0.5468933531},
"df13lesioniPCA10":{" QuantileConstantPiecewiseFuzzifier":-0.4259161381,"CrispFuzzifier":-0.5549682875,"ExponentialFuzzifier":-0.3029526486,"LinearFuzzifier":-0.3068054469,"QuantileLinearPiecewiseFuzzifier":-0.4348677393},
"df13lesioniPCA13":{" QuantileConstantPiecewiseFuzzifier":-0.4115133897,"CrispFuzzifier":-0.5547921071,"ExponentialFuzzifier":-0.301711284,"LinearFuzzifier":-0.3048476754,"QuantileLinearPiecewiseFuzzifier":-0.3976756321},
"df13lesioniPCA13_0":{" QuantileConstantPiecewiseFuzzifier":-0.3067080691,"CrispFuzzifier":-0.3921775899,"ExponentialFuzzifier":-0.2703547705,"LinearFuzzifier":-0.2696554982,"QuantileLinearPiecewiseFuzzifier":-0.3030438145},
"df13_coste":{" QuantileConstantPiecewiseFuzzifier":-0.4010196441,"CrispFuzzifier":-0.5317124736,"ExponentialFuzzifier":-0.3081383108,"LinearFuzzifier":-0.3358527301,"QuantileLinearPiecewiseFuzzifier":-0.4378184666},
"df13_coste_0":{" QuantileConstantPiecewiseFuzzifier":-0.3958773784,"CrispFuzzifier":-0.4062720226,"ExponentialFuzzifier":-0.2468950413,"LinearFuzzifier":-0.2893250696,"QuantileLinearPiecewiseFuzzifier":-0.3933933767},
"df13PCA1Lesioni":{" QuantileConstantPiecewiseFuzzifier":-0.5253039112,"CrispFuzzifier":-0.5616631431,"ExponentialFuzzifier":-0.3099473231,"LinearFuzzifier":-0.3168336992,"QuantileLinearPiecewiseFuzzifier":-0.5308528967},
"df13PCA1Lesioni_0":{" QuantileConstantPiecewiseFuzzifier":-0.3081505462,"CrispFuzzifier":-0.3680408739,"ExponentialFuzzifier":-0.2531633807,"LinearFuzzifier":-0.2649861251,"QuantileLinearPiecewiseFuzzifier":-0.3150508144},
"df13PCA1":{" QuantileConstantPiecewiseFuzzifier":-0.4318181818,"CrispFuzzifier":-0.4529598309,"ExponentialFuzzifier":-0.2966455133,"LinearFuzzifier":-0.2942031374,"QuantileLinearPiecewiseFuzzifier":-0.4240265832},
"df13PCA1_0":{" QuantileConstantPiecewiseFuzzifier":-0.2814812368,"CrispFuzzifier":-0.3699788584,"ExponentialFuzzifier":-0.2717842281,"LinearFuzzifier":-0.2726368649,"QuantileLinearPiecewiseFuzzifier":-0.3074856537},
"df13PCA1LesioniMSFine_0":{" QuantileConstantPiecewiseFuzzifier":-0.3081505462,"CrispFuzzifier":-0.3680408739,"ExponentialFuzzifier":-0.2531633807,"LinearFuzzifier":-0.2649861251,"QuantileLinearPiecewiseFuzzifier":-0.3157725529}}
