{"UMAP2_MSOrdine":{" QuantileConstantPiecewiseFuzzifier":-0.332760747,"CrispFuzzifier":-0.459478506,"ExponentialFuzzifier":-0.4594005332,"LinearFuzzifier":-0.4595457157,"QuantileLinearPiecewiseFuzzifier":-0.3330499144},"UMAP2_MSFine":{" QuantileConstantPiecewiseFuzzifier":-0.332760747,"CrispFuzzifier":-0.459478506,"ExponentialFuzzifier":-0.4594005332,"LinearFuzzifier":-0.4595457157,"QuantileLinearPiecewiseFuzzifier":-0.3330499144},"UMAP2_MSOrdine_0":{" QuantileConstantPiecewiseFuzzifier":-0.6148696265,"CrispFuzzifier":-0.459478506,"ExponentialFuzzifier":-0.4479612923,"LinearFuzzifier":-0.4477826333,"QuantileLinearPiecewiseFuzzifier":-0.6148696265},"Lesioni5UMAP":{" QuantileConstantPiecewiseFuzzifier":-0.332760747,"CrispFuzzifier":-0.459478506,"ExponentialFuzzifier":-0.4593961571,"LinearFuzzifier":-0.459478506,"QuantileLinearPiecewiseFuzzifier":-0.332760747},"Lesioni10UMAP":{" QuantileConstantPiecewiseFuzzifier":-0.332760747,"CrispFuzzifier":-0.459478506,"ExponentialFuzzifier":-0.4591434502,"LinearFuzzifier":-0.4545366598,"QuantileLinearPiecewiseFuzzifier":-0.3371249641},"Lesioni15UMAP":{" QuantileConstantPiecewiseFuzzifier":-0.332760747,"CrispFuzzifier":-0.4289992953,"ExponentialFuzzifier":-0.4594535608,"LinearFuzzifier":-0.4670542636,"QuantileLinearPiecewiseFuzzifier":-0.3368976781},"Lesioni20UMAP":{" QuantileConstantPiecewiseFuzzifier":-0.332760747,"CrispFuzzifier":-0.459478506,"ExponentialFuzzifier":-0.4593961524,"LinearFuzzifier":-0.459478506,"QuantileLinearPiecewiseFuzzifier":-0.332760747},"Lesioni5UMAP_0":{" QuantileConstantPiecewiseFuzzifier":-0.3330360289,"CrispFuzzifier":-0.459478506,"ExponentialFuzzifier":-0.3090615249,"LinearFuzzifier":-0.2556362846,"QuantileLinearPiecewiseFuzzifier":-0.4090736567},"Lesioni10UMAP_0":{" QuantileConstantPiecewiseFuzzifier":-0.3016759161,"CrispFuzzifier":-0.4443269908,"ExponentialFuzzifier":-0.3078876889,"LinearFuzzifier":-0.2609375144,"QuantileLinearPiecewiseFuzzifier":-0.408815276},"Lesioni15UMAP_0":{" QuantileConstantPiecewiseFuzzifier":-0.3159024841,"CrispFuzzifier":-0.459478506,"ExponentialFuzzifier":-0.3050840323,"LinearFuzzifier":-0.2585467478,"QuantileLinearPiecewiseFuzzifier":-0.4084691803},"Lesioni20UMAP_0":{" QuantileConstantPiecewiseFuzzifier":-0.3059593023,"CrispFuzzifier":-0.4140239605,"ExponentialFuzzifier":-0.3103063374,"LinearFuzzifier":-0.2590867936,"QuantileLinearPiecewiseFuzzifier":-0.4127190482},"Lesioni20UMAPFine":{" QuantileConstantPiecewiseFuzzifier":-0.332760747,"CrispFuzzifier":-0.459478506,"ExponentialFuzzifier":-0.4593420227,"LinearFuzzifier":-0.459478506,"QuantileLinearPiecewiseFuzzifier":-0.3335510469},"Lesioni20UMAPFine_0":{" QuantileConstantPiecewiseFuzzifier":-0.3150105708,"CrispFuzzifier":-0.4140239605,"ExponentialFuzzifier":-0.312651987,"LinearFuzzifier":-0.2587954533,"QuantileLinearPiecewiseFuzzifier":-0.410676031},"BMILesioni20UMAP":{" QuantileConstantPiecewiseFuzzifier":-0.332760747,"CrispFuzzifier":-0.459478506,"ExponentialFuzzifier":-0.4594567195,"LinearFuzzifier":-0.4594307108,"QuantileLinearPiecewiseFuzzifier":-0.333783686},"BMILesioni20UMAP_0":{" QuantileConstantPiecewiseFuzzifier":-0.315737315,"CrispFuzzifier":-0.4519027484,"ExponentialFuzzifier":-0.3086142077,"LinearFuzzifier":-0.2577839612,"QuantileLinearPiecewiseFuzzifier":-0.4098211108}}