{"Totale":{" QuantileConstantPiecewiseFuzzifier":-0.5315032593,"CrispFuzzifier":-0.5477448908,"ExponentialFuzzifier":-0.3071712843,"LinearFuzzifier":-0.3105626144,"QuantileLinearPiecewiseFuzzifier":-0.5339447266},"Totali distretti":{" QuantileConstantPiecewiseFuzzifier":-0.5414354299,"CrispFuzzifier":-0.609055673,"ExponentialFuzzifier":-0.3049384685,"LinearFuzzifier":-0.309388018,"QuantileLinearPiecewiseFuzzifier":-0.5756637382},"Totali":{" QuantileConstantPiecewiseFuzzifier":-0.5318556202,"CrispFuzzifier":-0.6014799154,"ExponentialFuzzifier":-0.3041185934,"LinearFuzzifier":-0.3081484071,"QuantileLinearPiecewiseFuzzifier":-0.5647869993},"Lesioni 5 componenti":{" QuantileConstantPiecewiseFuzzifier":-0.5690186751,"CrispFuzzifier":-0.6164552502,"ExponentialFuzzifier":-0.3148800309,"LinearFuzzifier":-0.3217676515,"QuantileLinearPiecewiseFuzzifier":-0.568511446},"Lesioni 10 componenti":{" QuantileConstantPiecewiseFuzzifier":-0.5116058844,"CrispFuzzifier":-0.6310782241,"ExponentialFuzzifier":-0.4227931859,"LinearFuzzifier":-0.5745042648,"QuantileLinearPiecewiseFuzzifier":-0.530055237},"Lesioni 15 componenti":{" QuantileConstantPiecewiseFuzzifier":-0.4544573643,"CrispFuzzifier":-0.4751585624,"ExponentialFuzzifier":-0.4592065281,"LinearFuzzifier":-0.4548109307,"QuantileLinearPiecewiseFuzzifier":-0.4617228439},"Lesioni 20 componenti":{" QuantileConstantPiecewiseFuzzifier":-0.3188865398,"CrispFuzzifier":-0.459478506,"ExponentialFuzzifier":-0.4589133107,"LinearFuzzifier":-0.4595608474,"QuantileLinearPiecewiseFuzzifier":-0.3201667142},"LesioniTotali5":{" QuantileConstantPiecewiseFuzzifier":-0.5300277484,"CrispFuzzifier":-0.6472868217,"ExponentialFuzzifier":-0.3309880866,"LinearFuzzifier":-0.3601004449,"QuantileLinearPiecewiseFuzzifier":-0.547111075},"LesioniTotali10":{" QuantileConstantPiecewiseFuzzifier":-0.451286117,"CrispFuzzifier":-0.4985905567,"ExponentialFuzzifier":-0.4516118868,"LinearFuzzifier":-0.4573137212,"QuantileLinearPiecewiseFuzzifier":-0.4632637452},"LesioniTotali15":{" QuantileConstantPiecewiseFuzzifier":-0.4464631783,"CrispFuzzifier":-0.4830866808,"ExponentialFuzzifier":-0.4584805726,"LinearFuzzifier":-0.4475669844,"QuantileLinearPiecewiseFuzzifier":-0.4532246811},"LesioniTotali20":{" QuantileConstantPiecewiseFuzzifier":-0.332760747,"CrispFuzzifier":-0.459478506,"ExponentialFuzzifier":-0.4593384409,"LinearFuzzifier":-0.4595249579,"QuantileLinearPiecewiseFuzzifier":-0.3331795808},"Anagrafica_Totale":{" QuantileConstantPiecewiseFuzzifier":-0.4191331924,"CrispFuzzifier":-0.5170894996,"ExponentialFuzzifier":-0.3215066074,"LinearFuzzifier":-0.3334836436,"QuantileLinearPiecewiseFuzzifier":-0.4370212473},"Anagrafica_Totali":{" QuantileConstantPiecewiseFuzzifier":-0.332760747,"CrispFuzzifier":-0.459478506,"ExponentialFuzzifier":-0.4593914029,"LinearFuzzifier":-0.459478506,"QuantileLinearPiecewiseFuzzifier":-0.332760747},"Anagrafica_Lesioni_Totali5":{" QuantileConstantPiecewiseFuzzifier":-0.4481589147,"CrispFuzzifier":-0.6002466526,"ExponentialFuzzifier":-0.435460005,"LinearFuzzifier":-0.4911798943,"QuantileLinearPiecewiseFuzzifier":-0.461622161},"Anagrafica_Lesioni_Totali10":{" QuantileConstantPiecewiseFuzzifier":-0.4433800211,"CrispFuzzifier":-0.4519027484,"ExponentialFuzzifier":-0.4518238219,"LinearFuzzifier":-0.4526363044,"QuantileLinearPiecewiseFuzzifier":-0.4384295585},"Anagrafica_Lesioni_Totali15":{" QuantileConstantPiecewiseFuzzifier":-0.4392287703,"CrispFuzzifier":-0.4441508104,"ExponentialFuzzifier":-0.4593235603,"LinearFuzzifier":-0.4519959202,"QuantileLinearPiecewiseFuzzifier":-0.433921276},"Anagrafica_Lesioni_Totali20":{" QuantileConstantPiecewiseFuzzifier":-0.3754955074,"CrispFuzzifier":-0.459478506,"ExponentialFuzzifier":-0.4588210525,"LinearFuzzifier":-0.4594535181,"QuantileLinearPiecewiseFuzzifier":-0.3676521885},"BMI_Totale":{" QuantileConstantPiecewiseFuzzifier":-0.4630571705,"CrispFuzzifier":-0.4859055673,"ExponentialFuzzifier":-0.3308593822,"LinearFuzzifier":-0.3579876914,"QuantileLinearPiecewiseFuzzifier":-0.4579457962},"BMI_Totali":{" QuantileConstantPiecewiseFuzzifier":-0.332760747,"CrispFuzzifier":-0.459478506,"ExponentialFuzzifier":-0.4593909115,"LinearFuzzifier":-0.459478506,"QuantileLinearPiecewiseFuzzifier":-0.332760747},"BMI_Lesioni_Totali5":{" QuantileConstantPiecewiseFuzzifier":-0.3775325934,"CrispFuzzifier":-0.459478506,"ExponentialFuzzifier":-0.4593803208,"LinearFuzzifier":-0.4595156095,"QuantileLinearPiecewiseFuzzifier":-0.380310295},"BMI_Lesioni_Totali10":{" QuantileConstantPiecewiseFuzzifier":-0.4459456483,"CrispFuzzifier":-0.459478506,"ExponentialFuzzifier":-0.458947626,"LinearFuzzifier":-0.4595517211,"QuantileLinearPiecewiseFuzzifier":-0.4400128781},"BMI_Lesioni_Totali15":{" QuantileConstantPiecewiseFuzzifier":-0.4468265504,"CrispFuzzifier":-0.459478506,"ExponentialFuzzifier":-0.4593255638,"LinearFuzzifier":-0.459478506,"QuantileLinearPiecewiseFuzzifier":-0.4397820126},"BMI_Lesioni_Totali20":{" QuantileConstantPiecewiseFuzzifier":-0.3071485201,"CrispFuzzifier":-0.459478506,"ExponentialFuzzifier":-0.4593775925,"LinearFuzzifier":-0.459478506,"QuantileLinearPiecewiseFuzzifier":-0.2891562214},"BMI_Lesioni_Totali25":{" QuantileConstantPiecewiseFuzzifier":-0.332760747,"CrispFuzzifier":-0.459478506,"ExponentialFuzzifier":-0.4593775896,"LinearFuzzifier":-0.459478506,"QuantileLinearPiecewiseFuzzifier":-0.3327608378},"BMI_Lesioni_Totali30":{" QuantileConstantPiecewiseFuzzifier":-0.332760747,"CrispFuzzifier":-0.459478506,"ExponentialFuzzifier":-0.4593775896,"LinearFuzzifier":-0.459478506,"QuantileLinearPiecewiseFuzzifier":-0.3327608378},"Data_Totale":{" QuantileConstantPiecewiseFuzzifier":-0.4343948203,"CrispFuzzifier":-0.5301268499,"ExponentialFuzzifier":-0.3761661704,"LinearFuzzifier":-0.4382475692,"QuantileLinearPiecewiseFuzzifier":-0.4330199961},"Data_Totali":{" QuantileConstantPiecewiseFuzzifier":-0.4543582629,"CrispFuzzifier":-0.5216701903,"ExponentialFuzzifier":-0.4527211804,"LinearFuzzifier":-0.451726568,"QuantileLinearPiecewiseFuzzifier":-0.4500778738},"Data_Lesioni_Totali5":{" QuantileConstantPiecewiseFuzzifier":-0.4008104299,"CrispFuzzifier":-0.459478506,"ExponentialFuzzifier":-0.459347429,"LinearFuzzifier":-0.459478506,"QuantileLinearPiecewiseFuzzifier":-0.3523708873},"Data_Lesioni_Totali10":{" QuantileConstantPiecewiseFuzzifier":-0.4294067125,"CrispFuzzifier":-0.459478506,"ExponentialFuzzifier":-0.4589886658,"LinearFuzzifier":-0.459478506,"QuantileLinearPiecewiseFuzzifier":-0.4261160432},"Data_Lesioni_Totali15":{" QuantileConstantPiecewiseFuzzifier":-0.491290081,"CrispFuzzifier":-0.459478506,"ExponentialFuzzifier":-0.4589900825,"LinearFuzzifier":-0.459478506,"QuantileLinearPiecewiseFuzzifier":-0.4849094132},"Data_Lesioni_Totali20":{" QuantileConstantPiecewiseFuzzifier":-0.4636517794,"CrispFuzzifier":-0.459478506,"ExponentialFuzzifier":-0.4589761915,"LinearFuzzifier":-0.459478506,"QuantileLinearPiecewiseFuzzifier":-0.4539490809},"Data_Lesioni_Totali25":{" QuantileConstantPiecewiseFuzzifier":-0.4565825405,"CrispFuzzifier":-0.459478506,"ExponentialFuzzifier":-0.4592406232,"LinearFuzzifier":-0.459478506,"QuantileLinearPiecewiseFuzzifier":-0.4505096002},"Data_Lesioni_Totali30":{" QuantileConstantPiecewiseFuzzifier":-0.4359253876,"CrispFuzzifier":-0.459478506,"ExponentialFuzzifier":-0.4592406232,"LinearFuzzifier":-0.459478506,"QuantileLinearPiecewiseFuzzifier":-0.3775499822},"DataBMI_Totale":{" QuantileConstantPiecewiseFuzzifier":-0.4574083862,"CrispFuzzifier":-0.4859055673,"ExponentialFuzzifier":-0.3308593822,"LinearFuzzifier":-0.3579876914,"QuantileLinearPiecewiseFuzzifier":-0.4571651569},"DataBMI_Totali":{" QuantileConstantPiecewiseFuzzifier":-0.332760747,"CrispFuzzifier":-0.459478506,"ExponentialFuzzifier":-0.4593909115,"LinearFuzzifier":-0.459478506,"QuantileLinearPiecewiseFuzzifier":-0.332760747},"All5":{" QuantileConstantPiecewiseFuzzifier":-0.3761121388,"CrispFuzzifier":-0.459478506,"ExponentialFuzzifier":-0.4593803208,"LinearFuzzifier":-0.4595156095,"QuantileLinearPiecewiseFuzzifier":-0.3691557799},