{"BMI_Lesioni_Totali20_0":{" QuantileConstantPiecewiseFuzzifier":-0.3766737139,"CrispFuzzifier":-0.540521494,"ExponentialFuzzifier":-0.2568877046,"LinearFuzzifier":-0.2500328327,"QuantileLinearPiecewiseFuzzifier":-0.3766737139},"Totale_0":{" QuantileConstantPiecewiseFuzzifier":-0.3122137068,"CrispFuzzifier":-0.3835447498,"ExponentialFuzzifier":-0.2662755136,"LinearFuzzifier":-0.27243023,"QuantileLinearPiecewiseFuzzifier":-0.3215495141},"TotaliDistretti_0":{" QuantileConstantPiecewiseFuzzifier":-0.2889358703,"CrispFuzzifier":-0.3296335447,"ExponentialFuzzifier":-0.2562251762,"LinearFuzzifier":-0.2598295481,"QuantileLinearPiecewiseFuzzifier":-0.2958500296},"Totali_0":{" QuantileConstantPiecewiseFuzzifier":-0.2889248591,"CrispFuzzifier":-0.3143058492,"ExponentialFuzzifier":-0.2520549879,"LinearFuzzifier":-0.2554576943,"QuantileLinearPiecewiseFuzzifier":-0.2992826453},"All20_0":{" QuantileConstantPiecewiseFuzzifier":-0.3766737139,"CrispFuzzifier":-0.540521494,"ExponentialFuzzifier":-0.2568877046,"LinearFuzzifier":-0.2500328327,"QuantileLinearPiecewiseFuzzifier":-0.3766737139},"Lesioni20_0":{" QuantileConstantPiecewiseFuzzifier":-0.3609936575,"CrispFuzzifier":-0.540521494,"ExponentialFuzzifier":-0.2474538845,"LinearFuzzifier":-0.2415677913,"QuantileLinearPiecewiseFuzzifier":-0.3609936575},"LesioniTotali20_0":{" QuantileConstantPiecewiseFuzzifier":-0.337914024,"CrispFuzzifier":-0.540521494,"ExponentialFuzzifier":-0.2500924885,"LinearFuzzifier":-0.2482956378,"QuantileLinearPiecewiseFuzzifier":-0.337914024},"Lesioni5_0":{" QuantileConstantPiecewiseFuzzifier":-0.3070273961,"CrispFuzzifier":-0.306906272,"ExponentialFuzzifier":-0.2553323914,"LinearFuzzifier":-0.2528407805,"QuantileLinearPiecewiseFuzzifier":-0.2965256759},"Anagrafica_Totale_0":{" QuantileConstantPiecewiseFuzzifier":-0.2889028365,"CrispFuzzifier":-0.3391472868,"ExponentialFuzzifier":-0.2758419587,"LinearFuzzifier":-0.2753443806,"QuantileLinearPiecewiseFuzzifier":-0.2981243084},"Lesioni10_0":{" QuantileConstantPiecewiseFuzzifier":-0.3534178999,"CrispFuzzifier":-0.532769556,"ExponentialFuzzifier":-0.2543238865,"LinearFuzzifier":-0.2614489135,"QuantileLinearPiecewiseFuzzifier":-0.3534178999},"Lesioni15_0":{" QuantileConstantPiecewiseFuzzifier":-0.3689217759,"CrispFuzzifier":-0.540521494,"ExponentialFuzzifier":-0.2483278324,"LinearFuzzifier":-0.2450247698,"QuantileLinearPiecewiseFuzzifier":-0.3689217759},"All5_0":{" QuantileConstantPiecewiseFuzzifier":-0.3168384426,"CrispFuzzifier":-0.3143058492,"ExponentialFuzzifier":-0.2551442778,"LinearFuzzifier":-0.2510175693,"QuantileLinearPiecewiseFuzzifier":-0.3032293761},"All10_0":{" QuantileConstantPiecewiseFuzzifier":-0.3301400634,"CrispFuzzifier":-0.3218816068,"ExponentialFuzzifier":-0.2625874529,"LinearFuzzifier":-0.257346069,"QuantileLinearPiecewiseFuzzifier":-0.3220678304},"All15_0":{" QuantileConstantPiecewiseFuzzifier":-0.3844256519,"CrispFuzzifier":-0.540521494,"ExponentialFuzzifier":-0.2574612936,"LinearFuzzifier":-0.2706684582,"QuantileLinearPiecewiseFuzzifier":-0.3844256519},"LesioniTotali5_0":{" QuantileConstantPiecewiseFuzzifier":-0.2794881959,"CrispFuzzifier":-0.3222339676,"ExponentialFuzzifier":-0.2536562222,"LinearFuzzifier":-0.2502858201,"QuantileLinearPiecewiseFuzzifier":-0.2756381444},"LesioniTotali10_0":{" QuantileConstantPiecewiseFuzzifier":-0.3195692389,"CrispFuzzifier":-0.3144820296,"ExponentialFuzzifier":-0.2577871781,"LinearFuzzifier":-0.2567130929,"QuantileLinearPiecewiseFuzzifier":-0.3084992022},"LesioniTotali15_0":{" QuantileConstantPiecewiseFuzzifier":-0.3380902044,"CrispFuzzifier":-0.540521494,"ExponentialFuzzifier":-0.2513503281,"LinearFuzzifier":-0.2509858519,"QuantileLinearPiecewiseFuzzifier":-0.3380902044},"BMI_Lesioni_Totali5_0":{" QuantileConstantPiecewiseFuzzifier":-0.3168384426,"CrispFuzzifier":-0.3143058492,"ExponentialFuzzifier":-0.2551442778,"LinearFuzzifier":-0.2510175693,"QuantileLinearPiecewiseFuzzifier":-0.3019656866},"BMI_Lesioni_Totali110_0":{" QuantileConstantPiecewiseFuzzifier":-0.3350070472,"CrispFuzzifier":-0.3218816068,"ExponentialFuzzifier":-0.2625874529,"LinearFuzzifier":-0.257346069,"QuantileLinearPiecewiseFuzzifier":-0.3223536525},"BMI_Lesioni_Totali15_0":{" QuantileConstantPiecewiseFuzzifier":-0.3844256519,"CrispFuzzifier":-0.540521494,"ExponentialFuzzifier":-0.2574612936,"LinearFuzzifier":-0.2706684582,"QuantileLinearPiecewiseFuzzifier":-0.3844256519},"PesoLesioni20_0":{" QuantileConstantPiecewiseFuzzifier":-0.3687455955,"CrispFuzzifier":-0.540521494,"ExponentialFuzzifier":-0.2547256827,"LinearFuzzifier":-0.2467395472,"QuantileLinearPiecewiseFuzzifier":-0.3687455955},"AltezzaLesioni20_0":{" QuantileConstantPiecewiseFuzzifier":-0.3689217759,"CrispFuzzifier":-0.540521494,"ExponentialFuzzifier":-0.2560180396,"LinearFuzzifier":-0.2476683446,"QuantileLinearPiecewiseFuzzifier":-0.3689217759},"BMILesioniNokgh20_0":{" QuantileConstantPiecewiseFuzzifier":-0.3243150987,"CrispFuzzifier":-0.3372093023,"ExponentialFuzzifier":-0.2534406006,"LinearFuzzifier":-0.2548296357,"QuantileLinearPiecewiseFuzzifier":-0.327015607},"TotaliDistretti_MSOrdine_0":{" QuantileConstantPiecewiseFuzzifier":-0.2942322939,"CrispFuzzifier":-0.3296335447,"ExponentialFuzzifier":-0.2562251762,"LinearFuzzifier":-0.2598295481,"QuantileLinearPiecewiseFuzzifier":-0.2954114647}}